id;name;description;type;value
1;purple cross-platform Bedfordshire;purple orchestrate Licensed Soft Sausages;ANY;multi-tasking
2;deliver;integrate green Baht;BOOLEAN;Falkland Islands Pound HTTP Generic
3;sensor Connecticut;Investment Account bleeding-edge;ANY;Credit Card Account pixel Jamaican Dollar
4;Product Granite;Investment Account transmit Rhode Island;PATH;Automated auxiliary gold
5;generate Technician client-driven;User-centric;BOOLEAN;compress neural-net input
6;haptic bypassing;Cambridgeshire JSON;TIME;bypassing Synergized
7;compressing programming Hong Kong Dollar;transmitting encompassing Intelligent Plastic Sausages;INTEGER;monetize
8;multimedia Customer revolutionize;Unbranded Wooden Computer Concrete;INTEGER;Ranch Steel knowledge base
9;Square Program;Grass-roots;BOOLEAN;Rufiyaa Steel
10;Automotive;synthesize alarm solid state;URL;deposit indigo
